﻿<Settings>
    <Sitecore>
        <Processing>
            <Services>
                <IMLNetService>
                    <Type>Hackathon.Boilerplate.Foundation.BusinessValueTracker.Services.BusinessScoreService, Hackathon.Boilerplate.Foundation.BusinessValueTracker</Type>
                    <As>Hackathon.Boilerplate.Foundation.BusinessValueTracker.Services.IBusinessScoreService, Hackathon.Boilerplate.Foundation.BusinessValueTracker</As>
                    <LifeTime>Transient</LifeTime>
                    <Options>
                    </Options>
                </IMLNetService>
            </Services>
        </Processing>
    </Sitecore>
</Settings>
